{
  "accuracy": 0.975,
  "precision": 0.5,
  "recall": 0.1,
  "f1_score": 0.16666666666666666,
  "roc_auc": 0.9638461538461538,
  "training_samples": 1600,
  "test_samples": 400,
  "model_type": "random_forest",
  "trained_at": "2026-06-11T11:23:42.358579",
  "confusion_matrix": {
    "true_negative": 389,
    "false_positive": 1,
    "false_negative": 9,
    "true_positive": 1
  },
  "cv_f1_mean": 0.23545454545454544,
  "cv_f1_std": 0.1339914885664924
}