{
  "mae": 4.319079561390732,
  "rmse": 5.59672800033296,
  "r2_score": 0.8435334124736151,
  "mape": 0.16809741285067895,
  "training_samples": 1600,
  "test_samples": 400,
  "model_type": "random_forest",
  "trained_at": "2026-06-11T11:23:44.387432",
  "error_p50": 3.3791089003920547,
  "error_p90": 9.414889888624412,
  "error_p95": 11.410079658415517,
  "cv_mae_mean": 4.629954562325183,
  "cv_mae_std": 0.17128716379894016
}